,1.agecat,2.agecat,3b.agecat,1.don_gender,2b.don_gender,1.don_race,2.don_race,3b.don_race
1.agecat,0.151042227,0.112033553,0,-0.007211498,0,-0.018909721,0,0
2.agecat,0.112033553,0.194802778,0,-8.21001E-05,0,-0.007397859,0,0
3b.agecat,0,0,0,0,0,0,0,0
1.don_gender,-0.007211498,-8.21001E-05,0,0.094354606,0,-0.000123559,0,0
2b.don_gender,0,0,0,0,0,0,0,0
1.don_race,-0.018909721,-0.007397859,0,-0.000123559,0,0.152779821,0,0
2.don_race,0,0,0,0,0,0,0,0
3b.don_race,0,0,0,0,0,0,0,0
