,don_age,1.don_gender,2b.don_gender,1.don_race,2.don_race,3b.don_race
don_age,0.000171689,0.000333131,0,0.000755353,0,0
1.don_gender,0.000333131,0.094408642,0,0.000109265,0,0
2b.don_gender,0,0,0,0,0,0
1.don_race,0.000755353,0.000109265,0,0.153342826,0,0
2.don_race,0,0,0,0,0,0
3b.don_race,0,0,0,0,0,0
